BEGIN TRANSACTION;
CREATE TABLE "schema_migrations" ("version" varchar NOT NULL);
INSERT INTO "schema_migrations" VALUES('20150424184417');
INSERT INTO "schema_migrations" VALUES('20150424214142');
INSERT INTO "schema_migrations" VALUES('20150424215538');
INSERT INTO "schema_migrations" VALUES('20150427182911');
INSERT INTO "schema_migrations" VALUES('20150427221203');
INSERT INTO "schema_migrations" VALUES('20150427222418');
INSERT INTO "schema_migrations" VALUES('20150429202616');
INSERT INTO "schema_migrations" VALUES('20150430184501');
INSERT INTO "schema_migrations" VALUES('20150430224031');
INSERT INTO "schema_migrations" VALUES('20150504203118');
CREATE TABLE "concerns" ("id" SERIAL PRIMARY KEY  NOT NULL, "name" text, "description" text, "diagnosis" boolean, "created_at" timestamp NOT NULL, "updated_at" timestamp NOT NULL);
INSERT INTO "concerns" VALUES(1,'Cancer','Includes all types','t','2015-04-24 19:06:43.392193','2015-04-26 20:13:42.157331');
INSERT INTO "concerns" VALUES(2,'CHF','Congestive Heart Failure','t','2015-04-24 19:59:45.385193','2015-04-26 20:15:25.300230');
INSERT INTO "concerns" VALUES(4,'Caregivers','','f','2015-04-24 22:52:25.566653','2015-04-24 22:52:25.566653');
INSERT INTO "concerns" VALUES(5,'Financial and Legal Services','','f','2015-04-26 20:13:20.303081','2015-04-26 20:13:20.303081');
INSERT INTO "concerns" VALUES(6,'Bereavement ','','f','2015-04-26 20:15:52.073761','2015-04-26 20:16:01.069276');
INSERT INTO "concerns" VALUES(7,'Stroke','','t','2015-04-26 20:17:15.547536','2015-04-26 20:17:15.547536');
INSERT INTO "concerns" VALUES(8,'Parkinson''s Disease','','t','2015-04-26 20:22:27.441375','2015-04-26 20:22:27.441375');
INSERT INTO "concerns" VALUES(9,'Dementia/ Alzheimer''s','All memory disorders','t','2015-04-26 22:02:09.717799','2015-04-26 22:02:09.717799');
INSERT INTO "concerns" VALUES(10,'HIV/AIDS','','t','2015-04-26 22:02:38.051420','2015-04-26 22:02:38.051420');
INSERT INTO "concerns" VALUES(11,'ALS','Amyotrophic lateral sclerosis','t','2015-04-27 15:30:30.154299','2015-04-27 15:30:30.154299');
INSERT INTO "concerns" VALUES(12,'COPD','Chronic obstructive pulmonary disease','t','2015-04-27 15:31:18.293570','2015-04-27 15:31:18.293570');
INSERT INTO "concerns" VALUES(13,'Kidney Disease','Includes renal diabetic resources','t','2015-04-27 15:33:17.916580','2015-04-27 15:33:17.916580');
INSERT INTO "concerns" VALUES(14,'Liver Disease','','t','2015-04-27 15:33:41.987423','2015-04-27 15:33:41.987423');
INSERT INTO "concerns" VALUES(15,'Hospice','','f','2015-04-27 15:34:18.316688','2015-04-27 15:34:31.015110');
INSERT INTO "concerns" VALUES(16,'Giving Back','Donation and Volunteerism opportunities ','t','2015-04-27 15:34:58.143558','2015-04-27 15:34:58.143558');
INSERT INTO "concerns" VALUES(17,'Education','Collected information on diagnoses, and other','t','2015-04-27 15:44:44.518793','2015-04-27 15:44:44.518793');
INSERT INTO "concerns" VALUES(18,'Pharmacy','Medication-related resources','t','2015-04-27 16:06:50.710149','2015-04-27 16:06:50.710149');
INSERT INTO "concerns" VALUES(19,'Language Services','Any services in languages other than English','f','2015-04-27 20:15:56.891148','2015-04-27 20:15:56.891148');
INSERT INTO "concerns" VALUES(21,'Advanced Care Planning','','f','2015-05-04 21:35:42.906374','2015-05-04 21:35:42.906374');
INSERT INTO "concerns" VALUES(22,'Palliative Care Information','Information on palliative. Research, information and policies ','f','2015-05-04 21:46:58.492164','2015-05-04 21:46:58.492164');
INSERT INTO "concerns" VALUES(23,'Aging','','f','2015-05-05 17:19:43.173207','2015-05-05 17:20:27.728756');
CREATE TABLE "categories" ("id" SERIAL PRIMARY KEY  NOT NULL, "name" text, "description" text, "created_at" timestamp NOT NULL, "updated_at" timestamp NOT NULL);
INSERT INTO "categories" VALUES(1,'Hair Loss Products','Including head coverings and hair styling services','2015-04-24 22:17:47.271781','2015-04-24 22:18:05.973851');
INSERT INTO "categories" VALUES(3,'Support, CHF','For patients and caregivers','2015-04-24 22:45:26.981711','2015-05-05 18:29:17.540967');
INSERT INTO "categories" VALUES(4,'Caregiver Respite ','','2015-04-26 21:56:26.741182','2015-04-26 21:56:26.741182');
INSERT INTO "categories" VALUES(5,'Comfort Item Donation','Includes blankets and other items','2015-04-26 21:57:33.974028','2015-04-26 21:57:33.974028');
INSERT INTO "categories" VALUES(6,'Pain Management','','2015-04-26 21:57:56.001287','2015-04-26 21:57:56.001287');
INSERT INTO "categories" VALUES(7,'Estate Dispursal ','Estate sale planning, etc','2015-04-26 21:58:24.797935','2015-04-26 21:58:24.797935');
INSERT INTO "categories" VALUES(8,'Life Completion Counselling','For patients and families','2015-04-26 22:00:23.072699','2015-04-26 22:00:23.072699');
INSERT INTO "categories" VALUES(9,'Support, Memory','Memory care, Alzheimer''s and Dementia support','2015-04-27 15:36:16.375100','2015-05-05 18:26:21.583903');
INSERT INTO "categories" VALUES(10,'Support, Cancer','Support groups for all cancer varieties ','2015-04-27 15:36:56.889372','2015-05-05 18:29:00.910016');
INSERT INTO "categories" VALUES(11,'Support, HIV/AIDS','','2015-04-27 15:37:27.761826','2015-05-05 18:28:03.038706');
INSERT INTO "categories" VALUES(12,'Support, Parkinson''s ','','2015-04-27 15:37:46.450659','2015-05-05 18:27:09.539646');
INSERT INTO "categories" VALUES(13,'Support, End of Life/ Bereavement','','2015-04-27 15:38:25.280127','2015-05-05 18:28:23.496876');
INSERT INTO "categories" VALUES(14,'Education, ALS','','2015-04-27 15:39:18.772621','2015-04-27 15:39:18.772621');
INSERT INTO "categories" VALUES(15,'Education,  Memory','Education for Alzheimer''s, Dementia and other memory disorders','2015-04-27 15:40:09.863711','2015-04-27 15:40:09.863711');
INSERT INTO "categories" VALUES(17,'Education, Cancer','','2015-04-27 15:40:27.257741','2015-04-27 15:40:27.257741');
INSERT INTO "categories" VALUES(18,'Education, COPD','','2015-04-27 15:40:42.514568','2015-04-27 15:40:42.514568');
INSERT INTO "categories" VALUES(19,'Education, CHF','','2015-04-27 15:41:11.874820','2015-04-27 15:41:11.874820');
INSERT INTO "categories" VALUES(20,'Education, HIV/AIDS','','2015-04-27 15:41:36.569663','2015-04-27 15:41:36.569663');
INSERT INTO "categories" VALUES(21,'Education, Liver Disease','','2015-04-27 15:42:17.660135','2015-04-27 15:42:17.660135');
INSERT INTO "categories" VALUES(22,'Education, Kidney Disease','','2015-04-27 15:42:38.548572','2015-04-27 15:42:38.548572');
INSERT INTO "categories" VALUES(23,'Education, Parkinson''s','','2015-04-27 15:43:00.185810','2015-04-27 15:43:00.185810');
INSERT INTO "categories" VALUES(24,'Education, Stroke','','2015-04-27 15:43:18.921443','2015-04-27 15:43:18.921443');
INSERT INTO "categories" VALUES(25,'Education, Caregivers','Information on caregiver self-care, etc','2015-04-27 15:43:51.322700','2015-04-27 15:43:51.322700');
INSERT INTO "categories" VALUES(26,'LGBT Resources','','2015-04-27 15:45:43.113496','2015-04-27 15:45:43.113496');
INSERT INTO "categories" VALUES(27,'Safe Return Products','','2015-04-27 15:46:09.368342','2015-04-27 15:46:09.368342');
INSERT INTO "categories" VALUES(28,'Nutrition, CHF','','2015-04-27 15:46:41.847599','2015-04-27 15:46:41.847599');
INSERT INTO "categories" VALUES(29,'Nutrition, Kidney/Renal','Includes renal diabetic resources','2015-04-27 15:47:07.135244','2015-04-27 15:47:33.063489');
INSERT INTO "categories" VALUES(30,'Smoking Cessation','','2015-04-27 15:48:40.450307','2015-04-27 15:48:40.450307');
INSERT INTO "categories" VALUES(31,'Delivery Services','','2015-04-27 20:23:52.050325','2015-04-27 20:23:52.050325');
INSERT INTO "categories" VALUES(32,'Education, Advanced Care Planning','Includes instructions on filling out advanced directives','2015-05-04 21:37:09.205826','2015-05-04 21:37:09.205826');
INSERT INTO "categories" VALUES(33,'Palliative Care Research and Analytics','','2015-05-04 21:47:22.578606','2015-05-04 21:47:22.578606');
INSERT INTO "categories" VALUES(34,'Parkinson''s Advocacy and Community','','2015-05-04 22:39:20.261621','2015-05-04 22:39:20.261621');
INSERT INTO "categories" VALUES(36,'Clinical Trials, ALS','','2015-05-05 15:59:52.360590','2015-05-05 15:59:52.360590');
INSERT INTO "categories" VALUES(37,'Clinical Trials,  CHF','','2015-05-05 16:00:56.860279','2015-05-05 16:00:56.860279');
INSERT INTO "categories" VALUES(38,'Clinical Trials, COPD','','2015-05-05 16:02:03.602096','2015-05-05 16:08:30.063201');
INSERT INTO "categories" VALUES(39,'Clinical Trials, Cancer','','2015-05-05 16:03:12.951063','2015-05-05 16:03:12.951063');
INSERT INTO "categories" VALUES(40,'Clinical Trials, Dementia/ Alzheimer''s','','2015-05-05 16:03:40.692650','2015-05-05 16:03:40.692650');
INSERT INTO "categories" VALUES(41,'Clinical Trials, HIV/AIDS','','2015-05-05 16:04:18.396806','2015-05-05 16:04:18.396806');
INSERT INTO "categories" VALUES(42,'Clinical Trials, Kidney Disease','','2015-05-05 16:05:03.276373','2015-05-05 16:05:03.276373');
INSERT INTO "categories" VALUES(43,'Clinical Trials, Liver Disease','','2015-05-05 16:05:31.711000','2015-05-05 16:05:31.711000');
INSERT INTO "categories" VALUES(44,'Clinical Trials, Parkinson''s Disese','','2015-05-05 16:06:25.332067','2015-05-05 16:06:25.332067');
INSERT INTO "categories" VALUES(45,'Clinical Trials, Stroke','','2015-05-05 16:24:25.012821','2015-05-05 16:24:25.012821');
INSERT INTO "categories" VALUES(46,'Medicare / Medicaid Information','','2015-05-05 17:21:12.485316','2015-05-05 17:21:12.485316');
INSERT INTO "categories" VALUES(47,'Discount Medication','','2015-05-05 17:22:05.034321','2015-05-05 17:22:05.034321');
INSERT INTO "categories" VALUES(48,'Parkinson Adaptive Equipment and Sports ','','2015-05-05 17:25:10.172911','2015-05-05 17:33:59.454184');
INSERT INTO "categories" VALUES(49,'Family Communication Tools','Tools for organizing information and communicating medical and other needs','2015-05-05 17:51:09.357091','2015-05-05 17:51:09.357091');
INSERT INTO "categories" VALUES(50,'Support, Caregivers','','2015-05-05 17:58:15.824483','2015-05-05 17:58:15.824483');
INSERT INTO "categories" VALUES(51,'Treatment, Dementia/ Alzheimer''s','','2015-05-05 18:37:52.022394','2015-05-05 18:37:52.022394');
CREATE TABLE "categories_concerns" ("id" SERIAL PRIMARY KEY  NOT NULL, "category_id" integer, "concern_id" integer, "created_at" timestamp NOT NULL, "updated_at" timestamp NOT NULL);
INSERT INTO "categories_concerns" VALUES(2,3,2,'2015-04-26 19:03:54.708089','2015-04-26 19:03:54.708089');
INSERT INTO "categories_concerns" VALUES(3,1,1,'2015-04-26 19:44:26.515914','2015-04-26 19:44:26.515914');
INSERT INTO "categories_concerns" VALUES(7,4,2,'2015-04-26 21:56:26.750183','2015-04-26 21:56:26.750183');
INSERT INTO "categories_concerns" VALUES(9,4,4,'2015-04-26 21:56:26.765183','2015-04-26 21:56:26.765183');
INSERT INTO "categories_concerns" VALUES(10,4,8,'2015-04-26 21:56:26.771184','2015-04-26 21:56:26.771184');
INSERT INTO "categories_concerns" VALUES(11,4,7,'2015-04-26 21:56:26.777184','2015-04-26 21:56:26.777184');
INSERT INTO "categories_concerns" VALUES(14,7,6,'2015-04-26 21:58:24.807935','2015-04-26 21:58:24.807935');
INSERT INTO "categories_concerns" VALUES(15,8,6,'2015-04-26 22:00:23.081700','2015-04-26 22:00:23.081700');
INSERT INTO "categories_concerns" VALUES(16,8,4,'2015-04-26 22:00:23.090700','2015-04-26 22:00:23.090700');
INSERT INTO "categories_concerns" VALUES(17,4,9,'2015-04-26 22:02:09.725800','2015-04-26 22:02:09.725800');
INSERT INTO "categories_concerns" VALUES(18,5,9,'2015-04-26 22:02:09.735800','2015-04-26 22:02:09.735800');
INSERT INTO "categories_concerns" VALUES(19,5,11,'2015-04-27 15:30:30.162300','2015-04-27 15:30:30.162300');
INSERT INTO "categories_concerns" VALUES(20,6,11,'2015-04-27 15:30:30.172300','2015-04-27 15:30:30.172300');
INSERT INTO "categories_concerns" VALUES(21,4,15,'2015-04-27 15:34:18.332288','2015-04-27 15:34:18.332288');
INSERT INTO "categories_concerns" VALUES(22,5,15,'2015-04-27 15:34:18.332288','2015-04-27 15:34:18.332288');
INSERT INTO "categories_concerns" VALUES(23,6,15,'2015-04-27 15:34:18.347888','2015-04-27 15:34:18.347888');
INSERT INTO "categories_concerns" VALUES(24,5,16,'2015-04-27 15:34:58.143558','2015-04-27 15:34:58.143558');
INSERT INTO "categories_concerns" VALUES(26,9,9,'2015-04-27 15:36:16.390700','2015-04-27 15:36:16.390700');
INSERT INTO "categories_concerns" VALUES(30,11,10,'2015-04-27 15:37:27.777426','2015-04-27 15:37:27.777426');
INSERT INTO "categories_concerns" VALUES(32,12,8,'2015-04-27 15:37:46.466259','2015-04-27 15:37:46.466259');
INSERT INTO "categories_concerns" VALUES(33,13,6,'2015-04-27 15:38:25.295727','2015-04-27 15:38:25.295727');
INSERT INTO "categories_concerns" VALUES(35,13,15,'2015-04-27 15:38:25.295727','2015-04-27 15:38:25.295727');
INSERT INTO "categories_concerns" VALUES(36,14,11,'2015-04-27 15:39:33.999248','2015-04-27 15:39:33.999248');
INSERT INTO "categories_concerns" VALUES(37,15,9,'2015-04-27 15:40:09.863711','2015-04-27 15:40:09.863711');
INSERT INTO "categories_concerns" VALUES(40,18,12,'2015-04-27 15:40:42.530168','2015-04-27 15:40:42.530168');
INSERT INTO "categories_concerns" VALUES(41,19,2,'2015-04-27 15:41:11.890420','2015-04-27 15:41:11.890420');
INSERT INTO "categories_concerns" VALUES(42,20,10,'2015-04-27 15:41:36.569663','2015-04-27 15:41:36.569663');
INSERT INTO "categories_concerns" VALUES(43,21,14,'2015-04-27 15:42:17.675735','2015-04-27 15:42:17.675735');
INSERT INTO "categories_concerns" VALUES(44,22,13,'2015-04-27 15:42:38.564172','2015-04-27 15:42:38.564172');
INSERT INTO "categories_concerns" VALUES(45,23,8,'2015-04-27 15:43:00.201410','2015-04-27 15:43:00.201410');
INSERT INTO "categories_concerns" VALUES(46,24,7,'2015-04-27 15:43:18.921443','2015-04-27 15:43:18.921443');
INSERT INTO "categories_concerns" VALUES(47,25,4,'2015-04-27 15:43:51.322700','2015-04-27 15:43:51.322700');
INSERT INTO "categories_concerns" VALUES(48,15,17,'2015-04-27 15:44:44.518793','2015-04-27 15:44:44.518793');
INSERT INTO "categories_concerns" VALUES(49,14,17,'2015-04-27 15:44:44.534393','2015-04-27 15:44:44.534393');
INSERT INTO "categories_concerns" VALUES(50,19,17,'2015-04-27 15:44:44.534393','2015-04-27 15:44:44.534393');
INSERT INTO "categories_concerns" VALUES(51,18,17,'2015-04-27 15:44:44.549993','2015-04-27 15:44:44.549993');
INSERT INTO "categories_concerns" VALUES(52,17,17,'2015-04-27 15:44:44.549993','2015-04-27 15:44:44.549993');
INSERT INTO "categories_concerns" VALUES(54,25,17,'2015-04-27 15:44:44.565593','2015-04-27 15:44:44.565593');
INSERT INTO "categories_concerns" VALUES(55,20,17,'2015-04-27 15:44:44.565593','2015-04-27 15:44:44.565593');
INSERT INTO "categories_concerns" VALUES(56,22,17,'2015-04-27 15:44:44.581193','2015-04-27 15:44:44.581193');
INSERT INTO "categories_concerns" VALUES(57,21,17,'2015-04-27 15:44:44.581193','2015-04-27 15:44:44.581193');
INSERT INTO "categories_concerns" VALUES(58,23,17,'2015-04-27 15:44:44.581193','2015-04-27 15:44:44.581193');
INSERT INTO "categories_concerns" VALUES(59,24,17,'2015-04-27 15:44:44.596793','2015-04-27 15:44:44.596793');
INSERT INTO "categories_concerns" VALUES(60,26,10,'2015-04-27 15:45:43.129096','2015-04-27 15:45:43.129096');
INSERT INTO "categories_concerns" VALUES(61,27,9,'2015-04-27 15:46:09.368342','2015-04-27 15:46:09.368342');
INSERT INTO "categories_concerns" VALUES(62,28,2,'2015-04-27 15:46:41.863199','2015-04-27 15:46:41.863199');
INSERT INTO "categories_concerns" VALUES(63,29,13,'2015-04-27 15:47:07.135244','2015-04-27 15:47:07.135244');
INSERT INTO "categories_concerns" VALUES(64,30,2,'2015-04-27 15:48:40.458308','2015-04-27 15:48:40.458308');
INSERT INTO "categories_concerns" VALUES(65,30,12,'2015-04-27 15:48:40.464308','2015-04-27 15:48:40.464308');
INSERT INTO "categories_concerns" VALUES(66,31,4,'2015-04-27 20:23:52.060326','2015-04-27 20:23:52.060326');
INSERT INTO "categories_concerns" VALUES(68,4,1,'2015-04-29 20:38:06.710493','2015-04-29 20:38:06.710493');
INSERT INTO "categories_concerns" VALUES(69,5,1,'2015-04-29 20:38:06.721494','2015-04-29 20:38:06.721494');
INSERT INTO "categories_concerns" VALUES(70,6,1,'2015-04-29 20:38:06.728494','2015-04-29 20:38:06.728494');
INSERT INTO "categories_concerns" VALUES(71,10,1,'2015-04-29 20:38:06.737495','2015-04-29 20:38:06.737495');
INSERT INTO "categories_concerns" VALUES(72,17,1,'2015-04-29 20:38:06.745495','2015-04-29 20:38:06.745495');
INSERT INTO "categories_concerns" VALUES(73,3,5,'2015-04-29 21:35:47.523440','2015-04-29 21:35:47.523440');
INSERT INTO "categories_concerns" VALUES(75,32,21,'2015-05-04 21:37:09.221426','2015-05-04 21:37:09.221426');
INSERT INTO "categories_concerns" VALUES(76,33,22,'2015-05-04 22:01:32.888201','2015-05-04 22:01:32.888201');
INSERT INTO "categories_concerns" VALUES(77,34,8,'2015-05-04 22:39:20.272621','2015-05-04 22:39:20.272621');
INSERT INTO "categories_concerns" VALUES(79,36,11,'2015-05-05 15:59:52.368590','2015-05-05 15:59:52.368590');
INSERT INTO "categories_concerns" VALUES(80,37,2,'2015-05-05 16:01:09.327992','2015-05-05 16:01:09.327992');
INSERT INTO "categories_concerns" VALUES(81,38,12,'2015-05-05 16:02:30.558638','2015-05-05 16:02:30.558638');
INSERT INTO "categories_concerns" VALUES(82,39,1,'2015-05-05 16:03:12.959063','2015-05-05 16:03:12.959063');
INSERT INTO "categories_concerns" VALUES(83,40,9,'2015-05-05 16:03:40.701650','2015-05-05 16:03:40.701650');
INSERT INTO "categories_concerns" VALUES(84,41,10,'2015-05-05 16:04:18.405807','2015-05-05 16:04:18.405807');
INSERT INTO "categories_concerns" VALUES(85,42,13,'2015-05-05 16:05:03.285374','2015-05-05 16:05:03.285374');
INSERT INTO "categories_concerns" VALUES(86,43,14,'2015-05-05 16:05:47.951929','2015-05-05 16:05:47.951929');
INSERT INTO "categories_concerns" VALUES(87,44,8,'2015-05-05 16:06:25.346067','2015-05-05 16:06:25.346067');
INSERT INTO "categories_concerns" VALUES(88,31,23,'2015-05-05 17:20:27.700754','2015-05-05 17:20:27.700754');
INSERT INTO "categories_concerns" VALUES(89,8,23,'2015-05-05 17:20:27.711755','2015-05-05 17:20:27.711755');
INSERT INTO "categories_concerns" VALUES(90,6,23,'2015-05-05 17:20:27.721755','2015-05-05 17:20:27.721755');
INSERT INTO "categories_concerns" VALUES(91,46,23,'2015-05-05 17:21:12.495316','2015-05-05 17:21:12.495316');
INSERT INTO "categories_concerns" VALUES(92,47,18,'2015-05-05 17:22:05.045322','2015-05-05 17:22:05.045322');
INSERT INTO "categories_concerns" VALUES(93,48,8,'2015-05-05 17:25:10.180911','2015-05-05 17:25:10.180911');
INSERT INTO "categories_concerns" VALUES(94,49,21,'2015-05-05 17:51:09.365091','2015-05-05 17:51:09.365091');
INSERT INTO "categories_concerns" VALUES(95,49,23,'2015-05-05 17:51:09.371092','2015-05-05 17:51:09.371092');
INSERT INTO "categories_concerns" VALUES(96,50,4,'2015-05-05 17:58:15.833484','2015-05-05 17:58:15.833484');
CREATE TABLE "providers" ("id" SERIAL PRIMARY KEY  NOT NULL, "name" text, "organization" text, "address1" text, "address2" text, "city" text, "state" text, "zip" integer, "phone" text, "website" text, "created_at" timestamp NOT NULL, "updated_at" timestamp NOT NULL, "contact" text);
INSERT INTO "providers" VALUES(1,'Oregon Health and Sciences University ','American Cancer Society','3303 SW Bond Ave','','Portland','Oregon',97239,'(503) 351-5921','http://cancer.org','2015-04-27 20:42:57.057044','2015-05-04 15:11:20.702737','');
INSERT INTO "providers" VALUES(3,'Caring Bridge','www.caringbridge.org','','','','Online',NULL,'','http://caringbridge.org','2015-04-27 20:53:43.021195','2015-05-04 15:14:24.855269','');
INSERT INTO "providers" VALUES(4,'Lyme Disease Task Force','www.oregonlyme.com','','','','Oregon',NULL,'541-410-2585','http://oregonlyme.com','2015-04-27 21:34:36.281713','2015-04-27 22:34:55.103128','Theresa Denham');
INSERT INTO "providers" VALUES(14,'National Caregiver''s Library','Family Care America','','','','Online',NULL,'(804) 327 - 1111','http://caregiverslibrary.org','2015-05-04 15:46:37.725823','2015-05-04 15:46:37.725823','info@caregiverslibrary.org');
INSERT INTO "providers" VALUES(15,'Oregon Health Decisions','','7451 SW Coho Court #101','','Tualatin','Oregon',97062,'(503) 692-0894','http://oregonhealthdecisions.org','2015-05-04 21:40:08.941242','2015-05-05 16:30:37.839145','Kellie Lapp, Executive Director');
INSERT INTO "providers" VALUES(16,'Palliative Care Quality Network ','','','','','Online',NULL,'(415) 476-0682','http://pcqn.org','2015-05-04 22:00:38.626305','2015-05-04 22:00:38.626305','');
INSERT INTO "providers" VALUES(17,'American Parkinson Disease Association Inc. ','','','','','Online',NULL,'(800) 223-2732 ','http://apdaparkinson.org','2015-05-04 22:42:56.158969','2015-05-04 22:42:56.158969','');
INSERT INTO "providers" VALUES(18,'The Michael J. Fox Foundation for Parkinson''s Research','','','','','Online',NULL,'(800) 708-7644','http://michaeljfox.org','2015-05-04 22:46:16.229413','2015-05-04 22:46:16.229413','');
INSERT INTO "providers" VALUES(19,'National Parkinson Foundation Inc. ','','','','','Online',NULL,'','http://parkinson.org','2015-05-04 22:51:38.309835','2015-05-04 22:51:38.309835','');
INSERT INTO "providers" VALUES(20,'The Parkinson Alliance','','','','','Online',NULL,'(800) 579 - 8440','http://parkinsonalliance.net','2015-05-04 22:53:13.500279','2015-05-04 22:53:13.500279','');
INSERT INTO "providers" VALUES(21,'Parkinson''s Action Network','','','','','Online',NULL,'(800) 850-4726','http://parkinsonsaction.org','2015-05-04 22:54:57.622235','2015-05-04 22:54:57.622235','');
INSERT INTO "providers" VALUES(22,'Parkinson''s Disease Foundation','','','','','Online',NULL,'(800) 457-6676','http://pdf.org','2015-05-04 22:56:22.668099','2015-05-04 22:56:22.668099','');
INSERT INTO "providers" VALUES(23,'Movement Disorder Society','','','','','Online',NULL,'(414) 276-2145','http://movementdisorders.org','2015-05-04 22:58:36.970781','2015-05-04 22:58:36.970781','');
INSERT INTO "providers" VALUES(24,'The Parkinson''s Institute and Clinical Center','','','','','Online',NULL,'(800) 655-2273','http://thepi.org','2015-05-04 23:00:38.449729','2015-05-04 23:00:38.449729','');
INSERT INTO "providers" VALUES(25,'Parkinson''s Health','','','','','Online',NULL,'','www.parkinsonshealth.com','2015-05-04 23:03:14.428650','2015-05-04 23:03:14.428650','');
INSERT INTO "providers" VALUES(26,'CenterWatch ','','','','','Online',NULL,'(866) 219-3440','http://centerwatch.com','2015-05-05 15:54:53.383489','2015-05-05 15:54:53.383489','');
INSERT INTO "providers" VALUES(27,'ClinicalTrials.gov','National Institute of Health','','','','Online',NULL,'','http://clinicaltrials.gov','2015-05-05 16:13:53.857721','2015-05-05 16:13:53.857721','');
INSERT INTO "providers" VALUES(28,'Natinal Institute of Neurological Disorders and Stroke','National Institute of Health','','','','Online',NULL,'','http://www.ninds.nih.gov/','2015-05-05 16:23:11.768631','2015-05-05 16:23:11.768631','');
INSERT INTO "providers" VALUES(29,'Parkinson''s Study Group','','','','','Online',NULL,'','http://parkinson-study-group.org/','2015-05-05 16:34:43.432192','2015-05-05 16:34:43.432192','');
INSERT INTO "providers" VALUES(30,'Together Rx Access','','','','','Online',NULL,'','http://www.togetherrxaccess.com/','2015-05-05 17:23:31.950293','2015-05-05 17:23:31.950293','');
INSERT INTO "providers" VALUES(31,'Able Data','National Institute on Disability and Rehabilitation Research','','','','Online',NULL,'(800) 227-0216','http://abledata.com','2015-05-05 17:27:26.759723','2015-05-05 17:27:26.759723','');
INSERT INTO "providers" VALUES(32,'Adaptive Sports Association','','','','','Online',NULL,'(970) 385-2163','http://asadurango.org/','2015-05-05 17:30:30.814250','2015-05-05 17:30:30.814250','');
INSERT INTO "providers" VALUES(33,'National Sports Center for the Disabled','','','','','Online',NULL,'(970) 726-1540','http://www.nscd.org/','2015-05-05 17:32:56.359575','2015-05-05 17:32:56.359575','');
INSERT INTO "providers" VALUES(34,'National Registry of Rehabilitation Technology Suppliers','','','','','Online',NULL,'','http://nrrts.org','2015-05-05 17:35:27.881242','2015-05-05 17:35:27.881242','');
INSERT INTO "providers" VALUES(35,'Center for Medicare and Medicaid Services','','','','','Online',NULL,'(800) 633-4227','http://cms.gov','2015-05-05 17:41:10.538840','2015-05-05 17:41:10.538840','');
INSERT INTO "providers" VALUES(36,'Medicare.gov','','','','','Online',NULL,'','http://medicare.gov','2015-05-05 17:45:34.038912','2015-05-05 17:45:34.038912','');
INSERT INTO "providers" VALUES(37,'Elder Issues - Life Ledger','','','','','Online',NULL,'','http://elderissues.com','2015-05-05 17:48:04.372510','2015-05-05 17:48:04.372510','');
INSERT INTO "providers" VALUES(38,'Family Caregiver Alliance','','','','','Online',NULL,'(800) 445-8106','http://caregiver.org','2015-05-05 17:54:17.182834','2015-05-05 17:54:17.182834','');
INSERT INTO "providers" VALUES(39,'National Family Caregivers Association','','','','','Online',NULL,'(800) 896-3650','http://thefamilycaregiver.org','2015-05-05 17:55:37.208411','2015-05-05 17:55:37.208411','');
INSERT INTO "providers" VALUES(40,'Caregiving.com','','','','','Online',NULL,'','http://caregiving.com','2015-05-05 17:59:18.077044','2015-05-05 17:59:18.077044','');
INSERT INTO "providers" VALUES(41,'Alzheimer''s Association ','','','','','Online',NULL,'(800) 272-3900','http://alz.org','2015-05-05 18:19:32.688516','2015-05-05 18:19:32.688516','');
INSERT INTO "providers" VALUES(42,'Alzheimer''s Association of Oregon','Alzheimer''s Association','','','','Oregon',NULL,'','http://www.alz.org/oregon/','2015-05-05 18:41:14.515976','2015-05-05 18:41:14.515976','');
INSERT INTO "providers" VALUES(43,'Alzheimer''s Association of Washington','Alzheimer''s Association','','','','Washington',NULL,'','http://www.alz.org/alzwa/','2015-05-05 18:52:50.838803','2015-05-05 18:52:50.838803','');
INSERT INTO "providers" VALUES(44,'Northwest Parkinson''s Foundation','','','','Seattle','Washington',NULL,'','http://nwpf.org','2015-05-05 19:13:50.766867','2015-05-05 19:13:50.766867','');
INSERT INTO "providers" VALUES(52,'.test','','','','','Online',NULL,'','','2015-05-06 20:49:17.907895','2015-05-06 20:49:17.907895','');
INSERT INTO "providers" VALUES(53,'.test2','','','','','Online',NULL,'','','2015-05-06 20:51:20.451904','2015-05-06 20:51:20.451904','');
INSERT INTO "providers" VALUES(54,'.test3','','','','','Online',NULL,'','','2015-05-06 21:00:08.480105','2015-05-06 21:00:08.480105','');
INSERT INTO "providers" VALUES(56,'.Test Provider','.Test Organization','','','','Online',NULL,'','','2015-05-06 21:38:36.715129','2015-05-06 21:38:36.715129','');
INSERT INTO "providers" VALUES(57,'.test_','','','','','Online',NULL,'','','2015-05-07 17:05:17.067632','2015-05-07 17:05:17.067632','');
INSERT INTO "providers" VALUES(58,'.test4','','','','','Online',NULL,'','','2015-05-07 17:09:31.364177','2015-05-07 17:09:31.364177','');
INSERT INTO "providers" VALUES(59,'.test5','','','','','Online',NULL,'','','2015-05-07 17:10:37.804977','2015-05-07 17:10:37.804977','');
INSERT INTO "providers" VALUES(60,'.work','','','','','Online',NULL,'','','2015-05-07 17:21:53.112603','2015-05-07 17:21:53.112603','');
INSERT INTO "providers" VALUES(61,'.help','','','','','Online',NULL,'','','2015-05-07 17:31:12.706610','2015-05-07 17:31:12.706610','');
INSERT INTO "providers" VALUES(62,'.arrrggh','','','','','Online',NULL,'','','2015-05-07 19:31:54.816835','2015-05-07 19:31:54.816835','');
INSERT INTO "providers" VALUES(63,'.grrr','','','','','Online',NULL,'','','2015-05-07 20:27:49.410707','2015-05-07 20:27:49.410707','');
CREATE TABLE "services" ("id" SERIAL PRIMARY KEY  NOT NULL, "title" text, "description" text, "created_at" timestamp NOT NULL, "updated_at" timestamp NOT NULL, "provider_id" integer);
INSERT INTO "services" VALUES(1,'Personal Website to Connect with Loved Ones','Way to share information, updates, photos, memories, etc. to include loved ones, and as an alternative to making difficult phone calls','2015-04-27 23:44:08.967869','2015-05-04 15:14:24.892272',3);
INSERT INTO "services" VALUES(3,'Lyme Disease Support Groups ','Support groups in Bend, Southern Oregon, Mid-Valley, Portland and Hood River, with times and contact information','2015-04-29 22:28:18.795683','2015-05-04 15:17:57.155412',4);
INSERT INTO "services" VALUES(7,'Cancer Resource Center','Provides cancer information, and referrals to community programs and resources staffed by volunteers for individuals affected by cancer. No appointment necessary','2015-04-29 23:18:53.371250','2015-05-04 15:18:30.066295',1);
INSERT INTO "services" VALUES(13,'Lyme Disease Programs Classes and Events','Currently none scheduled, check website for updates','2015-05-01 00:43:56.427575','2015-05-04 15:17:57.164413',4);
INSERT INTO "services" VALUES(14,'Wigs, Free or Reduced Cost','Provides free wigs, hats, scarves and turbans to cancer patients. Items vary depending on availability. ','2015-05-01 19:04:54.428743','2015-05-04 15:11:20.720738',1);
INSERT INTO "services" VALUES(16,'Digital Library of Caregiving Information/ Resources','Wealth of information for caregivers on many different topics','2015-05-04 15:46:37.735824','2015-05-04 20:28:43.468050',14);
INSERT INTO "services" VALUES(17,'Advanced Care Planning Guide','','2015-05-04 21:40:08.956842','2015-05-04 21:40:08.956842',15);
INSERT INTO "services" VALUES(18,'Advanced Care Training','','2015-05-04 21:40:46.088808','2015-05-04 21:40:46.088808',15);
INSERT INTO "services" VALUES(19,'Palliative Care Research Analytics','Defining and promoting quality palliative care, palliative care clinical outcomes','2015-05-04 22:00:38.641905','2015-05-04 22:00:38.641905',16);
INSERT INTO "services" VALUES(20,'Parkinson Information and Research','Foundation that provides information, research and fundraising opportunities. Includes a blog. ','2015-05-04 22:42:56.190971','2015-05-04 22:47:21.430142',17);
INSERT INTO "services" VALUES(21,'Parkinson Information and Fundraising ','','2015-05-04 22:46:16.237413','2015-05-04 22:46:16.237413',18);
INSERT INTO "services" VALUES(22,'Parkinson Information and News','','2015-05-04 22:51:38.317835','2015-05-04 22:51:38.317835',19);
INSERT INTO "services" VALUES(23,'Parkinson News, Events, Research','','2015-05-04 22:53:13.508280','2015-05-04 22:53:13.508280',20);
INSERT INTO "services" VALUES(24,'Parkinson Activism, Events and Research','','2015-05-04 22:54:57.641236','2015-05-04 22:54:57.641236',21);
INSERT INTO "services" VALUES(25,'Parkinson Information, Living with Parkinson''s','','2015-05-04 22:56:22.677100','2015-05-04 22:56:22.677100',22);
INSERT INTO "services" VALUES(26,'Parkinson/Movement Disorder Research','','2015-05-04 22:58:36.979781','2015-05-04 22:58:36.979781',23);
INSERT INTO "services" VALUES(27,'Parkinson Clinical Trials, Resources and Information','','2015-05-04 23:00:38.457729','2015-05-04 23:00:38.457729',24);
INSERT INTO "services" VALUES(28,'Tips and Tools for Living with Parkinson''s','Has animated illustrations about PD, and free registration for Life in Balance Newsletter','2015-05-04 23:03:14.437651','2015-05-04 23:03:14.437651',25);
INSERT INTO "services" VALUES(29,'Clinical Trials','Clinical trials listed by state and condition ','2015-05-05 15:54:53.393490','2015-05-05 15:54:53.393490',26);
INSERT INTO "services" VALUES(30,'Clinical Trials','Privately and publicly supported clinical trials ','2015-05-05 16:13:53.868721','2015-05-05 16:13:53.868721',27);
INSERT INTO "services" VALUES(31,'Clinical Trials for Neurological Disorders and Stroke','','2015-05-05 16:23:11.777632','2015-05-05 16:23:11.777632',28);
INSERT INTO "services" VALUES(32,'Parkinson''s Clinical Trials and Research','','2015-05-05 16:34:43.442192','2015-05-05 16:34:43.442192',29);
INSERT INTO "services" VALUES(33,'Prescription Savings','','2015-05-05 17:23:31.969294','2015-05-05 17:23:31.969294',30);
INSERT INTO "services" VALUES(34,'Adaptive Equipment and Assistive Technology','','2015-05-05 17:27:26.775724','2015-05-05 17:27:26.775724',31);
INSERT INTO "services" VALUES(35,'Information on Adaptive Sporting ','','2015-05-05 17:30:30.824251','2015-05-05 17:30:30.824251',32);
INSERT INTO "services" VALUES(36,'Adaptive Sports','','2015-05-05 17:32:56.368575','2015-05-05 17:32:56.368575',33);
INSERT INTO "services" VALUES(37,'Fitting Wheelchairs and Mobility Equipment','','2015-05-05 17:35:27.895242','2015-05-05 17:35:27.895242',34);
INSERT INTO "services" VALUES(38,'Medicare / Medicaid Information','','2015-05-05 17:41:10.548841','2015-05-05 17:41:10.548841',35);
INSERT INTO "services" VALUES(39,'Medicare Information ','','2015-05-05 17:45:34.049912','2015-05-05 17:45:34.049912',36);
INSERT INTO "services" VALUES(40,'Compiling Medical Records','Resource for compiling and managing personal medical files - fee associated','2015-05-05 17:48:04.381511','2015-05-05 17:48:04.381511',37);
INSERT INTO "services" VALUES(41,'Public Programs for Family Caregivers','State-by-state breakdown of services ','2015-05-05 17:54:17.198835','2015-05-05 17:54:17.198835',38);
INSERT INTO "services" VALUES(42,'Caregiver Support , Education and Advocacy','','2015-05-05 17:55:37.223412','2015-05-05 17:55:37.223412',39);
INSERT INTO "services" VALUES(43,'Caregiving Online Support Community','','2015-05-05 17:59:18.086045','2015-05-05 17:59:18.086045',40);
INSERT INTO "services" VALUES(44,'Alzheimer''s HelpLine 24/7','','2015-05-05 18:19:32.697516','2015-05-05 18:19:32.697516',41);
INSERT INTO "services" VALUES(45,'Alzheimer''s Research Information','','2015-05-05 18:32:02.299391','2015-05-05 18:32:02.299391',41);
INSERT INTO "services" VALUES(46,'Customized Action Plan','','2015-05-05 18:32:35.668300','2015-05-05 18:32:35.668300',41);
INSERT INTO "services" VALUES(47,'Alzheimer''s Support Groups','','2015-05-05 18:33:08.670187','2015-05-05 18:33:08.670187',41);
INSERT INTO "services" VALUES(48,'Alzheimer''s Clinical Trial Matching','','2015-05-05 18:33:39.515952','2015-05-05 18:33:39.515952',1);
INSERT INTO "services" VALUES(49,'Alzheimer''s General Disease Information ','','2015-05-05 18:35:01.324631','2015-05-05 18:35:01.324631',41);
INSERT INTO "services" VALUES(50,'Alzheimer''s Diagnostic and Treatment Options','','2015-05-05 18:37:14.763263','2015-05-05 18:37:14.763263',41);
INSERT INTO "services" VALUES(51,'Alzheimer''s Support Groups in Oregon','List of groups by city in Oregon ','2015-05-05 18:41:14.525977','2015-05-05 18:41:14.525977',42);
INSERT INTO "services" VALUES(52,'Alzheimer''s Community Events in Oregon','','2015-05-05 18:46:56.209520','2015-05-05 18:46:56.209520',42);
INSERT INTO "services" VALUES(53,'Alzheimer''s Regional Education Events in Oregon','','2015-05-05 18:48:28.918823','2015-05-05 18:48:28.918823',42);
INSERT INTO "services" VALUES(54,'Alzheimer''s Support Groups in Washington','','2015-05-05 18:52:50.848804','2015-05-05 18:52:50.848804',43);
INSERT INTO "services" VALUES(55,'Alzheimer''s Regional Education Events in Washington','','2015-05-05 18:54:21.248975','2015-05-05 18:54:21.248975',43);
INSERT INTO "services" VALUES(56,'Alzheimer''s Community Events in Washington','','2015-05-05 18:55:36.345270','2015-05-05 18:55:36.345270',43);
INSERT INTO "services" VALUES(57,'Parkinson''s Resources and Information','Organization serving the greater Seattle area with specialty care, education and support resources and events','2015-05-05 19:13:50.777868','2015-05-05 19:13:50.777868',44);
INSERT INTO "services" VALUES(65,'.serv_test','','2015-05-06 20:49:17.920895','2015-05-06 20:49:17.920895',52);
INSERT INTO "services" VALUES(66,'.qweqwee','','2015-05-06 20:51:20.465905','2015-05-06 20:51:20.465905',53);
INSERT INTO "services" VALUES(67,'.please','','2015-05-06 20:57:02.007440','2015-05-06 20:57:02.007440',52);
INSERT INTO "services" VALUES(68,'.Test Service','','2015-05-06 21:38:36.731130','2015-05-06 21:38:36.731130',56);
INSERT INTO "services" VALUES(69,'.service_','','2015-05-07 17:05:17.076633','2015-05-07 17:05:17.076633',57);
INSERT INTO "services" VALUES(70,'.serv4','','2015-05-07 17:09:31.380178','2015-05-07 17:09:31.380178',58);
INSERT INTO "services" VALUES(71,'.serv5','','2015-05-07 17:10:37.813978','2015-05-07 17:10:37.813978',59);
INSERT INTO "services" VALUES(72,'.please','','2015-05-07 17:21:53.121603','2015-05-07 17:21:53.121603',60);
INSERT INTO "services" VALUES(73,'.ack','','2015-05-07 17:31:12.715610','2015-05-07 17:31:12.715610',61);
INSERT INTO "services" VALUES(74,'.aaaaargh','','2015-05-07 19:28:34.333368','2015-05-07 19:28:34.333368',58);
INSERT INTO "services" VALUES(75,'.blurgg','','2015-05-07 19:31:54.828835','2015-05-07 19:31:54.828835',62);
INSERT INTO "services" VALUES(76,'.ackkk','','2015-05-07 20:27:49.427708','2015-05-07 20:27:49.427708',63);
CREATE TABLE "providers_services" ("id" SERIAL PRIMARY KEY  NOT NULL, "provider_id" integer, "service_id" integer, "created_at" timestamp NOT NULL, "updated_at" timestamp NOT NULL);
INSERT INTO "providers_services" VALUES(1,1,1,'2015-04-29 22:04:36.908355','2015-04-29 22:04:36.908355');
INSERT INTO "providers_services" VALUES(5,3,4,'2015-04-30 18:21:36.683132','2015-04-30 18:21:36.683132');
CREATE TABLE "categories_services" ("id" SERIAL PRIMARY KEY  NOT NULL, "category_id" integer, "service_id" integer, "created_at" timestamp NOT NULL, "updated_at" timestamp NOT NULL);
INSERT INTO "categories_services" VALUES(5,4,16,'2015-05-04 16:38:07.134527','2015-05-04 16:38:07.134527');
INSERT INTO "categories_services" VALUES(6,25,16,'2015-05-04 16:38:29.931831','2015-05-04 16:38:29.931831');
INSERT INTO "categories_services" VALUES(7,17,7,'2015-05-04 16:53:20.336210','2015-05-04 16:53:20.336210');
INSERT INTO "categories_services" VALUES(8,10,7,'2015-05-04 16:53:20.351810','2015-05-04 16:53:20.351810');
INSERT INTO "categories_services" VALUES(9,25,1,'2015-05-04 20:28:03.651773','2015-05-04 20:28:03.651773');
INSERT INTO "categories_services" VALUES(10,8,1,'2015-05-04 20:28:03.662774','2015-05-04 20:28:03.662774');
INSERT INTO "categories_services" VALUES(11,32,18,'2015-05-04 21:40:46.104408','2015-05-04 21:40:46.104408');
INSERT INTO "categories_services" VALUES(12,32,17,'2015-05-04 21:43:29.293896','2015-05-04 21:43:29.293896');
INSERT INTO "categories_services" VALUES(13,33,19,'2015-05-04 22:01:32.919401','2015-05-04 22:01:32.919401');
INSERT INTO "categories_services" VALUES(14,34,20,'2015-05-04 22:43:25.087624','2015-05-04 22:43:25.087624');
INSERT INTO "categories_services" VALUES(15,34,21,'2015-05-04 22:48:11.968033','2015-05-04 22:48:11.968033');
INSERT INTO "categories_services" VALUES(16,34,24,'2015-05-04 23:03:58.564175','2015-05-04 23:03:58.564175');
INSERT INTO "categories_services" VALUES(17,34,27,'2015-05-04 23:03:58.576176','2015-05-04 23:03:58.576176');
INSERT INTO "categories_services" VALUES(18,34,22,'2015-05-04 23:03:58.588176','2015-05-04 23:03:58.588176');
INSERT INTO "categories_services" VALUES(19,34,25,'2015-05-04 23:03:58.599177','2015-05-04 23:03:58.599177');
INSERT INTO "categories_services" VALUES(20,34,23,'2015-05-04 23:03:58.608177','2015-05-04 23:03:58.608177');
INSERT INTO "categories_services" VALUES(21,34,26,'2015-05-04 23:03:58.617178','2015-05-04 23:03:58.617178');
INSERT INTO "categories_services" VALUES(22,34,28,'2015-05-04 23:03:58.626178','2015-05-04 23:03:58.626178');
INSERT INTO "categories_services" VALUES(23,23,24,'2015-05-04 23:05:13.846481','2015-05-04 23:05:13.846481');
INSERT INTO "categories_services" VALUES(24,23,27,'2015-05-04 23:05:13.857481','2015-05-04 23:05:13.857481');
INSERT INTO "categories_services" VALUES(25,23,21,'2015-05-04 23:05:13.866482','2015-05-04 23:05:13.866482');
INSERT INTO "categories_services" VALUES(26,23,22,'2015-05-04 23:05:13.877483','2015-05-04 23:05:13.877483');
INSERT INTO "categories_services" VALUES(27,23,20,'2015-05-04 23:05:13.886483','2015-05-04 23:05:13.886483');
INSERT INTO "categories_services" VALUES(28,23,25,'2015-05-04 23:05:13.895484','2015-05-04 23:05:13.895484');
INSERT INTO "categories_services" VALUES(29,23,23,'2015-05-04 23:05:13.903484','2015-05-04 23:05:13.903484');
INSERT INTO "categories_services" VALUES(30,23,26,'2015-05-04 23:05:13.911484','2015-05-04 23:05:13.911484');
INSERT INTO "categories_services" VALUES(31,23,28,'2015-05-04 23:05:13.921485','2015-05-04 23:05:13.921485');
INSERT INTO "categories_services" VALUES(32,38,29,'2015-05-05 16:07:23.715406','2015-05-05 16:07:23.715406');
INSERT INTO "categories_services" VALUES(33,37,29,'2015-05-05 16:07:23.725407','2015-05-05 16:07:23.725407');
INSERT INTO "categories_services" VALUES(34,36,29,'2015-05-05 16:07:23.733407','2015-05-05 16:07:23.733407');
INSERT INTO "categories_services" VALUES(35,39,29,'2015-05-05 16:07:23.742407','2015-05-05 16:07:23.742407');
INSERT INTO "categories_services" VALUES(36,40,29,'2015-05-05 16:07:23.751408','2015-05-05 16:07:23.751408');
INSERT INTO "categories_services" VALUES(37,41,29,'2015-05-05 16:07:23.759408','2015-05-05 16:07:23.759408');
INSERT INTO "categories_services" VALUES(38,42,29,'2015-05-05 16:07:23.767409','2015-05-05 16:07:23.767409');
INSERT INTO "categories_services" VALUES(39,43,29,'2015-05-05 16:07:23.777409','2015-05-05 16:07:23.777409');
INSERT INTO "categories_services" VALUES(40,44,29,'2015-05-05 16:07:23.786410','2015-05-05 16:07:23.786410');
INSERT INTO "categories_services" VALUES(41,44,27,'2015-05-05 16:08:07.875932','2015-05-05 16:08:07.875932');
INSERT INTO "categories_services" VALUES(42,37,30,'2015-05-05 16:15:17.282492','2015-05-05 16:15:17.282492');
INSERT INTO "categories_services" VALUES(43,36,30,'2015-05-05 16:15:17.293493','2015-05-05 16:15:17.293493');
INSERT INTO "categories_services" VALUES(44,38,30,'2015-05-05 16:15:17.302494','2015-05-05 16:15:17.302494');
INSERT INTO "categories_services" VALUES(45,39,30,'2015-05-05 16:15:17.310494','2015-05-05 16:15:17.310494');
INSERT INTO "categories_services" VALUES(46,40,30,'2015-05-05 16:15:17.319495','2015-05-05 16:15:17.319495');
INSERT INTO "categories_services" VALUES(47,41,30,'2015-05-05 16:15:17.327495','2015-05-05 16:15:17.327495');
INSERT INTO "categories_services" VALUES(48,42,30,'2015-05-05 16:15:17.337496','2015-05-05 16:15:17.337496');
INSERT INTO "categories_services" VALUES(49,43,30,'2015-05-05 16:15:17.345496','2015-05-05 16:15:17.345496');
INSERT INTO "categories_services" VALUES(50,44,30,'2015-05-05 16:15:17.353496','2015-05-05 16:15:17.353496');
INSERT INTO "categories_services" VALUES(51,45,29,'2015-05-05 16:25:02.077941','2015-05-05 16:25:02.077941');
INSERT INTO "categories_services" VALUES(52,45,30,'2015-05-05 16:25:02.088941','2015-05-05 16:25:02.088941');
INSERT INTO "categories_services" VALUES(53,45,31,'2015-05-05 16:25:02.098942','2015-05-05 16:25:02.098942');
INSERT INTO "categories_services" VALUES(54,44,31,'2015-05-05 16:25:43.321300','2015-05-05 16:25:43.321300');
INSERT INTO "categories_services" VALUES(55,44,32,'2015-05-05 16:35:43.642235','2015-05-05 16:35:43.642235');
INSERT INTO "categories_services" VALUES(56,48,34,'2015-05-05 17:27:52.377188','2015-05-05 17:27:52.377188');
INSERT INTO "categories_services" VALUES(57,48,35,'2015-05-05 17:31:00.098925','2015-05-05 17:31:00.098925');
INSERT INTO "categories_services" VALUES(58,48,37,'2015-05-05 17:35:58.786009','2015-05-05 17:35:58.786009');
INSERT INTO "categories_services" VALUES(59,46,38,'2015-05-05 17:48:58.783622','2015-05-05 17:48:58.783622');
INSERT INTO "categories_services" VALUES(60,46,39,'2015-05-05 17:48:58.793623','2015-05-05 17:48:58.793623');
INSERT INTO "categories_services" VALUES(61,49,40,'2015-05-05 17:51:52.950584','2015-05-05 17:51:52.950584');
INSERT INTO "categories_services" VALUES(62,25,7,'2015-05-05 17:56:38.854937','2015-05-05 17:56:38.854937');
INSERT INTO "categories_services" VALUES(63,25,42,'2015-05-05 17:56:38.864938','2015-05-05 17:56:38.864938');
INSERT INTO "categories_services" VALUES(64,50,42,'2015-05-05 17:58:15.842484','2015-05-05 17:58:15.842484');
INSERT INTO "categories_services" VALUES(65,50,43,'2015-05-05 17:59:57.400293','2015-05-05 17:59:57.400293');
INSERT INTO "categories_services" VALUES(66,9,44,'2015-05-05 18:30:28.378019','2015-05-05 18:30:28.378019');
INSERT INTO "categories_services" VALUES(67,15,45,'2015-05-05 18:32:02.308392','2015-05-05 18:32:02.308392');
INSERT INTO "categories_services" VALUES(68,9,46,'2015-05-05 18:32:35.678300','2015-05-05 18:32:35.678300');
INSERT INTO "categories_services" VALUES(69,9,47,'2015-05-05 18:33:08.679188','2015-05-05 18:33:08.679188');
INSERT INTO "categories_services" VALUES(70,40,48,'2015-05-05 18:33:39.524952','2015-05-05 18:33:39.524952');
INSERT INTO "categories_services" VALUES(71,15,49,'2015-05-05 18:35:01.333631','2015-05-05 18:35:01.333631');
INSERT INTO "categories_services" VALUES(72,51,50,'2015-05-05 18:38:30.803612','2015-05-05 18:38:30.803612');
INSERT INTO "categories_services" VALUES(73,9,51,'2015-05-05 18:45:21.761118','2015-05-05 18:45:21.761118');
INSERT INTO "categories_services" VALUES(74,9,52,'2015-05-05 18:46:56.220520','2015-05-05 18:46:56.220520');
INSERT INTO "categories_services" VALUES(75,15,53,'2015-05-05 18:48:28.927823','2015-05-05 18:48:28.927823');
INSERT INTO "categories_services" VALUES(76,9,54,'2015-05-05 18:53:26.521844','2015-05-05 18:53:26.521844');
INSERT INTO "categories_services" VALUES(77,15,55,'2015-05-05 18:54:21.257975','2015-05-05 18:54:21.257975');
INSERT INTO "categories_services" VALUES(78,9,56,'2015-05-05 18:55:36.354270','2015-05-05 18:55:36.354270');
INSERT INTO "categories_services" VALUES(79,15,57,'2015-05-05 19:18:04.035353','2015-05-05 19:18:04.035353');
INSERT INTO "categories_services" VALUES(80,9,57,'2015-05-05 19:18:04.045354','2015-05-05 19:18:04.045354');
INSERT INTO "categories_services" VALUES(81,44,35,'2015-05-06 17:03:55.463111','2015-05-06 17:03:55.463111');
INSERT INTO "categories_services" VALUES(82,36,67,'2015-05-06 20:57:02.015440','2015-05-06 20:57:02.015440');
INSERT INTO "categories_services" VALUES(83,38,67,'2015-05-06 20:57:02.023441','2015-05-06 20:57:02.023441');
INSERT INTO "categories_services" VALUES(84,39,67,'2015-05-06 20:57:02.032441','2015-05-06 20:57:02.032441');
INSERT INTO "categories_services" VALUES(88,4,74,'2015-05-07 19:28:34.342368','2015-05-07 19:28:34.342368');
INSERT INTO "categories_services" VALUES(89,37,74,'2015-05-07 19:28:34.349369','2015-05-07 19:28:34.349369');
INSERT INTO "categories_services" VALUES(90,36,74,'2015-05-07 19:28:34.360369','2015-05-07 19:28:34.360369');
CREATE TABLE "comments" ("id" SERIAL PRIMARY KEY NOT NULL, "commenter" text, "body" text, "service_id" integer, "created_at" timestamp NOT NULL, "updated_at" timestamp NOT NULL);
INSERT INTO "comments" VALUES(1,'Please','Work',16,'2015-05-06 23:18:10.252796','2015-05-06 23:18:10.252796');
INSERT INTO "comments" VALUES(2,'Please','Work',22,'2015-05-06 23:18:36.317286','2015-05-06 23:18:36.317286');
CREATE UNIQUE INDEX "unique_schema_migrations" ON "schema_migrations" ("version");
CREATE INDEX "index_categories_concerns_on_category_id" ON "categories_concerns" ("category_id");
CREATE INDEX "index_categories_concerns_on_concern_id" ON "categories_concerns" ("concern_id");
CREATE INDEX "index_providers_services_on_provider_id" ON "providers_services" ("provider_id");
CREATE INDEX "index_providers_services_on_service_id" ON "providers_services" ("service_id");
CREATE INDEX "index_categories_services_on_category_id" ON "categories_services" ("category_id");
CREATE INDEX "index_categories_services_on_service_id" ON "categories_services" ("service_id");
CREATE INDEX "index_comments_on_service_id" ON "comments" ("service_id");
COMMIT;
